AnimalID,FoundLocation,Latitude,Longtitude,IntakeDate,Type,LooksLike,Color,Sex,Age,ImageLink
A660953,6502 CLUBWAY LANE AUSTIN 78744,30.204375,-97.798214,4/30/2018,Dog,Miniature Schnauzer/Chihuahua Longhair,White,Neutered Male,5 years,http://www.petharbor.com/pet.asp?uaid=ASTN.A660953
A688950,6115 FELIX AVENUE AUSTIN 78741  ,30.236169,-97.698599,5/1/2018,Dog,Boxer Mix,Tan,Intact Male,6 years,http://www.petharbor.com/pet.asp?uaid=ASTN.A688950
A730105,1520 RUTHERFORD LANE AUSTIN 78754  ,30.336967,-97.682519,5/2/2018,Dog,Pointer/Pit Bull,Tan/White,Neutered Male,2 years,http://www.petharbor.com/pet.asp?uaid=ASTN.A730105
A752251,5201 ROSS RD AUSTIN 78617  ,30.178552,-97.614961,5/2/2018,Dog,American Bulldog Mix,White/Brown,Intact Male,1 year,http://www.petharbor.com/pet.asp?uaid=ASTN.A752251
A756999,2003 BLUE MEADOW DRIVE AUSTIN 78744  ,30.182736,-97.766496,5/6/2018,Dog,Pit Bull Mix,Blue/White,Intact Male,2 years,http://www.petharbor.com/pet.asp?uaid=ASTN.A756999
A759588,84 ROBERT T MARTINEZ JR ST AUSTIN 78702,30.254487,-97.721298,5/3/2018,Dog,Labrador Retriever,Tan/White,Spayed Female,8 months,http://www.petharbor.com/pet.asp?uaid=ASTN.A759588
A763956,4404 EAST OLTORF STREET AUSTIN 78741  ,30.226797,-97.726353,5/4/2018,Dog,Pit Bull Mix,White,Intact Female,1 year,http://www.petharbor.com/pet.asp?uaid=ASTN.A763956
A765562,3201 LOCKE LANE AUSTIN 78704  ,30.236158,-97.770208,5/6/2018,Dog,Cairn Terrier Mix,Tan/White,Spayed Female,2 years,http://www.petharbor.com/pet.asp?uaid=ASTN.A765562
A771070,6206 FELIX AVENUE AUSTIN 78741  ,30.235713,-97.697631,4/30/2018,Cat,Domestic Shorthair Mix,Calico,Intact Female,3 weeks,http://www.petharbor.com/pet.asp?uaid=ASTN.A771070
A771075,AUSTIN 78741  ,30.227985,-97.716971,4/30/2018,Cat,Domestic Shorthair Mix,Brown Tabby,Intact Female,2 weeks,http://www.petharbor.com/pet.asp?uaid=ASTN.A771075
A771079,2306 EAST 8TH STREEET AUSTIN 78702  ,30.263224,-97.715896,4/30/2018,Dog,Alaskan Malamute Mix,Black/Gray,Intact Male,10 years,http://www.petharbor.com/pet.asp?uaid=ASTN.A771079
A771100,4603 OAK CLIFF DRIVE AUSTIN 78721  ,30.284678,-97.682938,4/30/2018,Cat,Domestic Shorthair Mix,Orange Tabby,Intact Male,5 weeks,http://www.petharbor.com/pet.asp?uaid=ASTN.A771100
A771101,4603 OAK CLIFF DRIVE AUSTIN 78721  ,30.284678,-97.682938,4/30/2018,Cat,Domestic Shorthair Mix,Orange Tabby,Intact Male,5 weeks,http://www.petharbor.com/pet.asp?uaid=ASTN.A771101
A771102,4603 OAK CLIFF DRIVE AUSTIN 78721  ,30.284678,-97.682938,4/30/2018,Cat,Domestic Shorthair Mix,Tortie,Intact Female,5 weeks,http://www.petharbor.com/pet.asp?uaid=ASTN.A771102
A771103,4603 OAK CLIFF DRIVE AUSTIN 78721  ,30.284678,-97.682938,4/30/2018,Cat,Domestic Shorthair Mix,Tortie,Intact Female,5 weeks,http://www.petharbor.com/pet.asp?uaid=ASTN.A771103
A771104,4603 OAK CLIFF DRIVE AUSTIN 78721  ,30.284678,-97.682938,4/30/2018,Cat,Domestic Shorthair Mix,Orange Tabby,Intact Male,5 weeks,http://www.petharbor.com/pet.asp?uaid=ASTN.A771104
A771106,20700 ED ACKLIN ROAD MANOR 78653  ,30.275945,-97.490496,4/30/2018,Cat,Domestic Medium Hair Mix,Blue Tabby,Intact Female,5 weeks,http://www.petharbor.com/pet.asp?uaid=ASTN.A771106
A771112,1300 GREENWOOD STREET AUSTIN 78721  ,30.278413,-97.696312,4/30/2018,Dog,German Shepherd Mix,Tan,Intact Female,9 months,http://www.petharbor.com/pet.asp?uaid=ASTN.A771112
A771119,1201 PAYTON GIN ROAD AUSTIN 78758  ,30.361618,-97.708443,4/30/2018,Dog,Pit Bull Mix,Blue/White,Intact Male,2 years,http://www.petharbor.com/pet.asp?uaid=ASTN.A771119
A771120,2717 SWEENEY LANE AUSTIN 78723  ,30.307204,-97.681579,4/30/2018,Dog,Pit Bull Mix,Blue/White,Intact Female,5 months,http://www.petharbor.com/pet.asp?uaid=ASTN.A771120
A771123,3423 MINNIE STREET AUSTIN 78745  ,30.205652,-97.835205,4/30/2018,Dog,Chihuahua Shorthair Mix,White/Tricolor,Intact Male,7 months,http://www.petharbor.com/pet.asp?uaid=ASTN.A771123
A771153,CARRIE MANOR ROAD MANOR 78653  ,30.345865,-97.531473,5/1/2018,Cat,Domestic Shorthair Mix,Black/White,Intact Female,5 weeks,http://www.petharbor.com/pet.asp?uaid=ASTN.A771153
A771154,CARRIE MANOR ROAD MANOR 78653  ,30.345865,-97.531473,5/1/2018,Cat,Domestic Shorthair Mix,White/Black,Intact Male,5 weeks,http://www.petharbor.com/pet.asp?uaid=ASTN.A771154
A771155,CARRIE MANOR ROAD MANOR 78653  ,30.345865,-97.531473,5/1/2018,Cat,Domestic Shorthair Mix,White/Brown Tabby,Intact Female,5 weeks,http://www.petharbor.com/pet.asp?uaid=ASTN.A771155
A771173,5800 WALNUTHOLLOW COVE AUSTIN 78744  ,30.192279,-97.730929,5/1/2018,Dog,Whippet Mix,Tan/White,Neutered Male,2 months,http://www.petharbor.com/pet.asp?uaid=ASTN.A771173
A771178,9307 KEMPLER DRIVE AUSTIN 78748  ,30.179564,-97.821542,5/1/2018,Dog,Chihuahua Shorthair Mix,Fawn,Intact Female,4 years,http://www.petharbor.com/pet.asp?uaid=ASTN.A771178
A771187,8901 SLAYTON DRIVE AUSTIN 78753  ,30.356371,-97.697448,5/1/2018,Cat,Domestic Shorthair Mix,White/Orange Tabby,Intact Female,3 years,http://www.petharbor.com/pet.asp?uaid=ASTN.A771187
A771193,AUSTIN 78702  ,30.264271,-97.71608,5/1/2018,Cat,Domestic Shorthair Mix,Black,Unknown,2 weeks,http://www.petharbor.com/pet.asp?uaid=ASTN.A771193
A771194,AUSTIN 78702  ,30.264271,-97.71608,5/1/2018,Cat,Domestic Shorthair Mix,Tortie,Unknown,2 weeks,http://www.petharbor.com/pet.asp?uaid=ASTN.A771194
A771196,2400 WICKERSHAM AUSTIN 78741  ,30.226853,-97.722164,5/2/2018,Cat,Domestic Shorthair Mix,Blue Tabby,Intact Male,7 months,http://www.petharbor.com/pet.asp?uaid=ASTN.A771196
A771203,5500 STUART COURT AUSTIN 78721  ,30.261469,-97.686264,5/1/2018,Dog,Pointer Mix,White/Tricolor,Neutered Male,5 months,http://www.petharbor.com/pet.asp?uaid=ASTN.A771203
A771205,6509 BURNET LANE AUSTIN 78757  ,30.340551,-97.738186,5/2/2018,Cat,Tonkinese Mix,Lilac Point,Unknown,2 years,http://www.petharbor.com/pet.asp?uaid=ASTN.A771205
A771207,7824 PACES MILL AUSTIN 78744  ,30.161583,-97.744917,5/2/2018,Cat,Siamese Mix,Calico,Spayed Female,12 years,http://www.petharbor.com/pet.asp?uaid=ASTN.A771207
A771217,305 KEMP STREET AUSTIN 78741  ,30.242553,-97.693774,5/2/2018,Dog,Jack Russell Terrier Mix,Tan,Intact Male,1 year,http://www.petharbor.com/pet.asp?uaid=ASTN.A771217
A771219,1509 TEA LEAF DRIVE AUSTIN 78660  ,30.421363,-97.633661,5/2/2018,Dog,Pit Bull Mix,Brown/White,Intact Male,1 year,http://www.petharbor.com/pet.asp?uaid=ASTN.A771219
A771223,1915 HEARTSIDE DRIVE AUSTIN 78757  ,30.36619,-97.722635,5/2/2018,Dog,Chihuahua Shorthair Mix,White/Tricolor,Intact Female,1 year,http://www.petharbor.com/pet.asp?uaid=ASTN.A771223
A771224,2206 BERKELEY AVENUE AUSTIN 78745  ,30.209485,-97.806106,5/2/2018,Dog,Yorkshire Terrier Mix,Black/Fawn,Intact Female,1 year,http://www.petharbor.com/pet.asp?uaid=ASTN.A771224
A771225,6124 PEBBLE GARDEN COURT AUSTIN 78739  ,30.184644,-97.894332,5/2/2018,Dog,Yorkshire Terrier Mix,Black,Intact Male,1 year,http://www.petharbor.com/pet.asp?uaid=ASTN.A771225
A771236,7408 COVERED BRIDGE DRIVE AUSTIN 78736  ,30.240028,-97.900856,5/2/2018,Cat,Domestic Shorthair Mix,Black/White,Intact Male,4 weeks,http://www.petharbor.com/pet.asp?uaid=ASTN.A771236
A771261,17815 ALBERT VOELKER ROAD 78621  ,30.336067,-97.440939,5/2/2018,Cat,Domestic Shorthair Mix,Brown Tabby,Intact Female,3 weeks,http://www.petharbor.com/pet.asp?uaid=ASTN.A771261
A771262,12700 TOPPER LANE 78652  ,30.136679,-97.842672,5/2/2018,Cat,Domestic Shorthair Mix,Cream Tabby,Intact Male,3 weeks,http://www.petharbor.com/pet.asp?uaid=ASTN.A771262
A771268,3036 SOUTH 1ST STREET AUSTIN 78704  ,30.233839,-97.76485,5/2/2018,Cat,Domestic Longhair Mix,Calico,Intact Female,5 weeks,http://www.petharbor.com/pet.asp?uaid=ASTN.A771268
A771271,1441 SOUTH MEADOWS DRIVE AUSTIN 78758  ,30.380929,-97.699327,5/2/2018,Dog,Pit Bull,Black/White,Neutered Male,7 months,http://www.petharbor.com/pet.asp?uaid=ASTN.A771271
A771273,3200 SOUTH 1ST STREET AUSTIN 78704  ,30.233068,-97.765339,5/2/2018,Dog,Yorkshire Terrier Mix,Fawn/Black,Unknown,1 year,http://www.petharbor.com/pet.asp?uaid=ASTN.A771273
A771290,6201 SOFTWOOD DRIVE AUSTIN 78744  ,30.185879,-97.74859,5/3/2018,Cat,Domestic Shorthair Mix,Calico,Intact Female,1 year,http://www.petharbor.com/pet.asp?uaid=ASTN.A771290
A771291,6201 SOFTWOOD DRIVE AUSTIN 78744  ,30.185879,-97.74859,5/3/2018,Cat,Domestic Shorthair Mix,Brown Tabby/White,Intact Female,6 weeks,http://www.petharbor.com/pet.asp?uaid=ASTN.A771291
A771292,6201 SOFTWOOD DRIVE AUSTIN 78744  ,30.185879,-97.74859,5/3/2018,Cat,Domestic Shorthair Mix,Black/White,Intact Male,6 weeks,http://www.petharbor.com/pet.asp?uaid=ASTN.A771292
A771293,6201 SOFTWOOD DRIVE AUSTIN 78744  ,30.185879,-97.74859,5/3/2018,Cat,Domestic Shorthair Mix,Orange Tabby/White,Intact Female,6 weeks,http://www.petharbor.com/pet.asp?uaid=ASTN.A771293
A771295,6201 SOFTWOOD DRIVE AUSTIN 78744  ,30.185879,-97.74859,5/3/2018,Cat,Domestic Shorthair Mix,Tortie,Intact Female,6 weeks,http://www.petharbor.com/pet.asp?uaid=ASTN.A771295
A771296,4608 GILLIS STREET AUSTIN 78745  ,30.222178,-97.78495,5/3/2018,Cat,Domestic Shorthair Mix,Gray Tabby,Intact Female,3 weeks,http://www.petharbor.com/pet.asp?uaid=ASTN.A771296
A771299,2404 EMMETT PARKWAY AUSTIN 78728  ,30.45248,-97.677863,5/3/2018,Dog,Chihuahua Shorthair Mix,Fawn/White,Unknown,4 years,http://www.petharbor.com/pet.asp?uaid=ASTN.A771299
A771300,8313 NICOLA TRAIL AUSTIN 78745  ,30.194718,-97.82882,5/3/2018,Dog,Labrador Retriever Mix,Black/Tan,Intact Male,3 years,http://www.petharbor.com/pet.asp?uaid=ASTN.A771300
A771301,6605 EAST WILLIAM CANNON DRIVE AUSTIN 78744  ,30.165522,-97.73426,5/3/2018,Dog,Chihuahua Shorthair Mix,Tan/White,Intact Female,1 year,http://www.petharbor.com/pet.asp?uaid=ASTN.A771301
A771302,800 SIROCCO DRIVE AUSTIN 78745  ,30.203559,-97.788468,5/3/2018,Dog,Beagle Mix,Brown/Black,Intact Male,1 year,http://www.petharbor.com/pet.asp?uaid=ASTN.A771302
A771303,1321 STANISLAWS DRIVE AUSTIN 78748  ,30.149562,-97.83175,5/4/2018,Dog,Chihuahua Shorthair Mix,Fawn/White,Neutered Male,10 years,http://www.petharbor.com/pet.asp?uaid=ASTN.A771303
A771304,1701 WEST BEN WHITE BOULEVARD AUSTIN 78701  ,30.227729,-97.784355,5/3/2018,Dog,Australian Cattle Dog Mix,Red Merle,Intact Male,1 year,http://www.petharbor.com/pet.asp?uaid=ASTN.A771304
A771311,251 TRINITY STREET AUSTIN 78701  ,30.264254,-97.740386,5/3/2018,Cat,Domestic Shorthair Mix,Black,Unknown,3 days,http://www.petharbor.com/pet.asp?uaid=ASTN.A771311
A771312,251 TRINITY STREET AUSTIN 78701  ,30.264254,-97.740386,5/3/2018,Cat,Domestic Shorthair Mix,Gray Tabby,Unknown,3 days,http://www.petharbor.com/pet.asp?uaid=ASTN.A771312
A771322,1004 BODGERS DR AUSTIN 78753  ,30.38655,-97.663534,5/3/2018,Cat,Domestic Shorthair Mix,Blue,Unknown,2 years,http://www.petharbor.com/pet.asp?uaid=ASTN.A771322
A771326,5207 RATON PASS AUSTIN 78724  ,30.312205,-97.658414,5/3/2018,Dog,Chihuahua Shorthair Mix,Tricolor,Intact Male,2 years,http://www.petharbor.com/pet.asp?uaid=ASTN.A771326
A771328,912 BRET LANE AUSTIN 78721  ,30.256329,-97.688189,5/3/2018,Cat,Domestic Shorthair Mix,Brown Tabby,Unknown,1 year,http://www.petharbor.com/pet.asp?uaid=ASTN.A771328
A771333,1901 HEARTHSTONE DRIVE AUSTIN 78757  ,30.366268,-97.720975,5/3/2018,Dog,Yorkshire Terrier Mix,White/Gray,Intact Female,1 year,http://www.petharbor.com/pet.asp?uaid=ASTN.A771333
A771336,1919 MONTOPOLIS DRIVE AUSTIN 78741  ,30.225213,-97.703252,5/3/2018,Dog,Labrador Retriever Mix,Brown,Intact Male,1 year,http://www.petharbor.com/pet.asp?uaid=ASTN.A771336
A771348,1500 FARO DRIVE AUSTIN 78741  ,30.234723,-97.713735,5/3/2018,Dog,Chihuahua Shorthair Mix,Tan/White,Intact Male,2 months,http://www.petharbor.com/pet.asp?uaid=ASTN.A771348
A771354,4821 EAST RIVERSIDE DRIVE AUSTIN 78741  ,30.231576,-97.717457,5/3/2018,Cat,Domestic Shorthair Mix,Brown Tabby,Intact Male,1 year,http://www.petharbor.com/pet.asp?uaid=ASTN.A771354
A771372,7201 LEVANDER LOOP AUSTIN 78702  ,30.251079,-97.691727,5/4/2018,Dog,Boston Terrier Mix,White/Black,Intact Female,7 years,http://www.petharbor.com/pet.asp?uaid=ASTN.A771372
A771373,7201 LEVANDER LOOP AUSTIN 78702  ,30.251079,-97.691727,5/4/2018,Dog,Chihuahua Shorthair Mix,Tan,Intact Male,2 years,http://www.petharbor.com/pet.asp?uaid=ASTN.A771373
A771374,2314 DEADWOOD DR AUSTIN 78744  ,30.197132,-97.750216,5/3/2018,Cat,Domestic Shorthair Mix,Brown Tabby,Unknown,2 weeks,http://www.petharbor.com/pet.asp?uaid=ASTN.A771374
A771375,2314 DEADWOOD DR AUSTIN 78744  ,30.197132,-97.750216,5/3/2018,Cat,Domestic Shorthair Mix,Brown Tabby,Unknown,2 weeks,http://www.petharbor.com/pet.asp?uaid=ASTN.A771375
A771376,2314 DEADWOOD DR AUSTIN 78744  ,30.197132,-97.750216,5/3/2018,Cat,Domestic Shorthair Mix,Brown Tabby,Unknown,2 weeks,http://www.petharbor.com/pet.asp?uaid=ASTN.A771376
A771377,2314 DEADWOOD DR AUSTIN 78744  ,30.197132,-97.750216,5/3/2018,Cat,Domestic Shorthair Mix,Brown Tabby,Unknown,2 weeks,http://www.petharbor.com/pet.asp?uaid=ASTN.A771377
A771378,2314 DEADWOOD DR AUSTIN 78744  ,30.197132,-97.750216,5/3/2018,Cat,Domestic Shorthair Mix,Gray Tabby,Unknown,2 weeks,http://www.petharbor.com/pet.asp?uaid=ASTN.A771378
A771379,2314 DEADWOOD DR AUSTIN 78744  ,30.197132,-97.750216,5/3/2018,Cat,Domestic Shorthair Mix,Gray Tabby,Unknown,2 weeks,http://www.petharbor.com/pet.asp?uaid=ASTN.A771379
A771384,8700 PUTNAM DRIVE AUSTIN 78757  ,30.367122,-97.720228,5/4/2018,Dog,Miniature Poodle Mix,White/Gray,Intact Male,2 years,http://www.petharbor.com/pet.asp?uaid=ASTN.A771384
A771385,3300 PARKER LANE AUSTIN 78741  ,30.222542,-97.74215,5/4/2018,Dog,Labrador Retriever Mix,Black/Brown,Intact Female,4 years,http://www.petharbor.com/pet.asp?uaid=ASTN.A771385
A771393,5605 WELLINGTON DRIVE AUSTIN 78723  ,30.306211,-97.685525,5/6/2018,Dog,Rottweiler Mix,Black/Brown,Intact Female,5 months,http://www.petharbor.com/pet.asp?uaid=ASTN.A771393
A771399,6816 HILLCROFT DRIVE AUSTIN 78724  ,30.300718,-97.643085,5/4/2018,Dog,Pit Bull Mix,White/Brown Brindle,Intact Female,4 years,http://www.petharbor.com/pet.asp?uaid=ASTN.A771399
A771412,2008 SOUTH THIRD STREET AUSTIN 78704  ,30.245837,-97.760252,5/4/2018,Cat,Domestic Shorthair Mix,White,Spayed Female,2 years,http://www.petharbor.com/pet.asp?uaid=ASTN.A771412
A771414,6816 HILLCROFT DRIVE AUSTIN 78724  ,30.300718,-97.643085,5/4/2018,Dog,Pit Bull Mix,White/Blue,Intact Male,6 months,http://www.petharbor.com/pet.asp?uaid=ASTN.A771414
A771416,841 AIRPORT BOULEVARD AUSTIN 78702  ,30.257771,-97.693214,5/4/2018,Cat,Domestic Shorthair Mix,Blue/White,Intact Female,7 weeks,http://www.petharbor.com/pet.asp?uaid=ASTN.A771416
A771417,841 AIRPORT BOULEVARD AUSTIN 78702  ,30.257771,-97.693214,5/4/2018,Cat,Domestic Shorthair Mix,Blue/White,Intact Female,7 weeks,http://www.petharbor.com/pet.asp?uaid=ASTN.A771417
A771418,841 AIRPORT BOULEVARD AUSTIN 78702  ,30.257771,-97.693214,5/4/2018,Cat,Domestic Shorthair Mix,Black/White,Intact Male,7 weeks,http://www.petharbor.com/pet.asp?uaid=ASTN.A771418
A771419,841 AIRPORT BOULEVARD AUSTIN 78702  ,30.257771,-97.693214,5/4/2018,Cat,Domestic Shorthair Mix,Black/White,Intact Female,7 weeks,http://www.petharbor.com/pet.asp?uaid=ASTN.A771419
A771422,6111 BEE CAVS ROAD AUSTIN 78730  ,30.29613,-97.829912,5/4/2018,Dog,Pointer Mix,Chocolate/White,Intact Female,8 weeks,http://www.petharbor.com/pet.asp?uaid=ASTN.A771422
A771426,3010 NEAL STREET AUSTIN 78702  ,30.265552,-97.703918,5/4/2018,Dog,Chihuahua Shorthair Mix,Tricolor/Black,Intact Female,1 year,http://www.petharbor.com/pet.asp?uaid=ASTN.A771426
A771429,8800 SOUTH FIRST STREET AUSTIN 78748  ,30.175076,-97.79877,5/4/2018,Cat,Domestic Shorthair Mix,Gray/White,Intact Male,3 years,http://www.petharbor.com/pet.asp?uaid=ASTN.A771429
A771431,11717 DRAYTON AUSTIN 78758  ,30.389203,-97.690799,5/4/2018,Cat,Siamese Mix,Lynx Point,Intact Male,1 year,http://www.petharbor.com/pet.asp?uaid=ASTN.A771431
A771433,304 MONTOPOLIS AUSTIN 78702  ,30.24186,-97.692567,5/4/2018,Dog,Jack Russell Terrier Mix,White/Tricolor,Neutered Male,6 years,http://www.petharbor.com/pet.asp?uaid=ASTN.A771433
A771441,DECKER LANE AUSTIN 78724  ,30.295025,-97.622435,5/5/2018,Dog,Cardigan Welsh Corgi Mix,Brown,Unknown,1 year,http://www.petharbor.com/pet.asp?uaid=ASTN.A771441
A771448,5808 TERI RD AUSTIN 78744  ,30.191534,-97.731333,5/5/2018,Dog,Miniature Schnauzer Mix,Black,Spayed Female,10 years,http://www.petharbor.com/pet.asp?uaid=ASTN.A771448
A771450,1500 DALE DRIVE AUSTIN 78757  ,30.353781,-97.720942,5/5/2018,Dog,Pit Bull Mix,Brown Brindle/White,Intact Female,1 year,http://www.petharbor.com/pet.asp?uaid=ASTN.A771450
A771452,MOTHERAL DRIVE ANE WEST GRADY DRIVE AUSTIN 78753  ,30.378511,-97.675352,5/5/2018,Cat,Domestic Shorthair Mix,Black,Intact Female,1 year,http://www.petharbor.com/pet.asp?uaid=ASTN.A771452
A771453,MOTHERAL DRIVE ANE WEST GRADY DRIVE AUSTIN 78753  ,30.378511,-97.675352,5/5/2018,Cat,Domestic Shorthair Mix,Black,Intact Female,3 weeks,http://www.petharbor.com/pet.asp?uaid=ASTN.A771453
A771454,MOTHERAL DRIVE ANE WEST GRADY DRIVE AUSTIN 78753  ,30.378511,-97.675352,5/5/2018,Cat,Domestic Shorthair Mix,Black,Intact Female,3 weeks,http://www.petharbor.com/pet.asp?uaid=ASTN.A771454
A771455,MOTHERAL DRIVE ANE WEST GRADY DRIVE AUSTIN 78753  ,30.378511,-97.675352,5/5/2018,Cat,Domestic Shorthair Mix,Black,Intact Male,3 weeks,http://www.petharbor.com/pet.asp?uaid=ASTN.A771455
A771456,MOTHERAL DRIVE ANE WEST GRADY DRIVE AUSTIN 78753  ,30.378511,-97.675352,5/5/2018,Cat,Domestic Shorthair Mix,Black,Intact Male,4 weeks,http://www.petharbor.com/pet.asp?uaid=ASTN.A771456
A771457,MOTHERAL DRIVE ANE WEST GRADY DRIVE AUSTIN 78753  ,30.378511,-97.675352,5/5/2018,Cat,Domestic Shorthair Mix,Blue,Intact Female,4 weeks,http://www.petharbor.com/pet.asp?uaid=ASTN.A771457
A771464,4900 EAST OLTORF AUSTIN 78741  ,30.222868,-97.722159,5/5/2018,Cat,Domestic Shorthair Mix,Calico,Intact Female,3 weeks,http://www.petharbor.com/pet.asp?uaid=ASTN.A771464
A771466,7201 LEVANDER LOOP AUSTIN 78702  ,30.251079,-97.691727,5/5/2018,Cat,Domestic Shorthair Mix,Black,Intact Male,2 months,http://www.petharbor.com/pet.asp?uaid=ASTN.A771466
A771467,8311 EVELYN ROAD 78610  ,30.07243,-97.688723,5/5/2018,Cat,Domestic Shorthair Mix,Brown Tabby,Spayed Female,1 year,http://www.petharbor.com/pet.asp?uaid=ASTN.A771467
A771468,8311 EVELYN ROAD 78610  ,30.07243,-97.688723,5/5/2018,Cat,Domestic Shorthair Mix,Torbie,Intact Female,1 year,http://www.petharbor.com/pet.asp?uaid=ASTN.A771468
A771475,11507 SUSIE STREET AUSTIN 78748  ,30.151677,-97.83033,5/5/2018,Cat,Domestic Shorthair Mix,Cream Tabby,Intact Female,2 years,http://www.petharbor.com/pet.asp?uaid=ASTN.A771475
A771476,7415 BLUFF SPRINGS ROAD AUSTIN 78744  ,30.17793,-97.769827,5/5/2018,Cat,Domestic Shorthair Mix,Blue/White,Intact Male,3 years,http://www.petharbor.com/pet.asp?uaid=ASTN.A771476
A771484,5800 TECHNI CENTER DRIVE AUSTIN 78721  ,30.278441,-97.672073,5/5/2018,Dog,Chihuahua Shorthair Mix,Tricolor/Tan,Intact Male,1 year,http://www.petharbor.com/pet.asp?uaid=ASTN.A771484
A771487,124 WEST ANDERSON LANE AUSTIN 78752  ,30.344335,-97.705529,5/5/2018,Dog,Labrador Retriever Mix,Brown,Intact Female,7 weeks,http://www.petharbor.com/pet.asp?uaid=ASTN.A771487
A771488,124 WEST ANDERSON LANE AUSTIN 78752  ,30.344335,-97.705529,5/5/2018,Dog,Labrador Retriever Mix,Brown,Intact Female,7 weeks,http://www.petharbor.com/pet.asp?uaid=ASTN.A771488
A771495,11509 DOVE FLIGHT DRIVE DEL VALLE 78617  ,30.156181,-97.649985,5/5/2018,Cat,Domestic Shorthair Mix,Tortie,Unknown,2 years,http://www.petharbor.com/pet.asp?uaid=ASTN.A771495
A771507,4900 CREEK BEND DRIVE AUSTIN 78744  ,30.183502,-97.748365,5/6/2018,Cat,Domestic Longhair,Orange Tabby/White,Intact Male,4 weeks,http://www.petharbor.com/pet.asp?uaid=ASTN.A771507
A771508,18504 EAST LAKE TERRACE DRIVE JONESTOWN 78645  ,30.49955,-97.921263,5/6/2018,Cat,Domestic Medium Hair Mix,Orange Tabby,Intact Female,3 weeks,http://www.petharbor.com/pet.asp?uaid=ASTN.A771508
A771518,9307 HUNTERS TRACE AUSTIN 78758  ,30.368794,-97.7099,5/6/2018,Cat,Domestic Shorthair Mix,Black,Intact Female,2 months,http://www.petharbor.com/pet.asp?uaid=ASTN.A771518
A771532,2315 TOWN LAKE AUSTIN 78741  ,30.239885,-97.72416,5/6/2018,Dog,Chihuahua Shorthair Mix,Brown/White,Intact Female,4 months,http://www.petharbor.com/pet.asp?uaid=ASTN.A771532
A771533,2315 TOWN LAKE AUSTIN 78741  ,30.239885,-97.72416,5/6/2018,Dog,Chihuahua Shorthair Mix,Brown/White,Intact Female,4 months,http://www.petharbor.com/pet.asp?uaid=ASTN.A771533
A771538,8407 COULVER ROAD AUSTIN 78747  ,30.118387,-97.728531,5/6/2018,Dog,Border Collie,White/Black,Intact Female,3 years,http://www.petharbor.com/pet.asp?uaid=ASTN.A771538
A771541,4608 SILVERSTONE AUSTIN 78744  ,30.173917,-97.75898,5/6/2018,Dog,Labrador Retriever Mix,Black,Intact Female,4 months,http://www.petharbor.com/pet.asp?uaid=ASTN.A771541
A769292,7000 DECKER LANE AUSTIN 78724  ,30.296097,-97.624846,5/6/2018,Dog,Labrador Retriever Mix,Brown/White,Neutered Male,6 months,http://www.petharbor.com/pet.asp?uaid=ASTN.A769292
A771544,AUSTIN 78703  ,30.291285,-97.763975,5/6/2018,Cat,Domestic Shorthair Mix,Calico,Intact Female,2 years,http://www.petharbor.com/pet.asp?uaid=ASTN.A771544
A762295,MATHRA COVE DEL VALLE 78617  ,30.157123,-97.611102,5/6/2018,Dog,Great Pyrenees Mix,White,Neutered Male,1 year,http://www.petharbor.com/pet.asp?uaid=ASTN.A762295
A771539,5705 CAROLINE AUSTIN 78724  ,30.255785,-97.575482,5/6/2018,Dog,Chihuahua Longhair Mix,Black/Tricolor,Intact Female,8 months,http://www.petharbor.com/pet.asp?uaid=ASTN.A771539
A771547,4411 TERI ROAD AUSTIN 78741  ,30.197625,-97.745445,5/6/2018,Dog,Siberian Husky,Black/Gray,Intact Male,1 year,http://www.petharbor.com/pet.asp?uaid=ASTN.A771547
A771555,10805 WATCHFUL FOX DRIVE AUSTIN 78748  ,30.154981,-97.816668,5/6/2018,Dog,Bluetick Hound Mix,Black/Tricolor,Intact Male,1 year,http://www.petharbor.com/pet.asp?uaid=ASTN.A771555
A771558,11726 MANCHACA ROAD AUSTIN 78749  ,30.149423,-97.833157,5/6/2018,Dog,Chihuahua Shorthair Mix,Brown,Intact Male,2 years,http://www.petharbor.com/pet.asp?uaid=ASTN.A771558
A771561,4416 LAREINA DRIVE AUSTIN 78745  ,30.21907,-97.771214,5/6/2018,Dog,Great Pyrenees Mix,White,Intact Female,2 years,http://www.petharbor.com/pet.asp?uaid=ASTN.A771561
A771562,613 WEST 31ST HALF STREET AUSTIN 78705  ,30.298246,-97.741988,5/6/2018,Cat,Domestic Shorthair Mix,Black,Intact Male,1 year,http://www.petharbor.com/pet.asp?uaid=ASTN.A771562
A771565,8319 PEACEFUL HILL LANE AUSTIN 78748  ,30.177847,-97.790392,5/6/2018,Dog,Maltese Mix,White,Unknown,2 years,http://www.petharbor.com/pet.asp?uaid=ASTN.A771565
A771566,8319 PEACEFUL HILL LANE AUSTIN 78748  ,30.177847,-97.790392,5/6/2018,Dog,Maltese Mix,White,Unknown,2 years,http://www.petharbor.com/pet.asp?uaid=ASTN.A771566
A771567,7203 GENEVA DRIVE AUSTIN 78723  ,30.320365,-97.673081,5/6/2018,Dog,Chihuahua Shorthair Mix,White,Unknown,2 months,http://www.petharbor.com/pet.asp?uaid=ASTN.A771567
A771568,7203 GENEVA DRIVE AUSTIN 78723  ,30.320365,-97.673081,5/6/2018,Dog,Chihuahua Shorthair Mix,Brown/White,Unknown,2 months,http://www.petharbor.com/pet.asp?uaid=ASTN.A771568
A771569,1820 WEST STASSNEY LANE AUSTIN 78745  ,30.214831,-97.796329,5/6/2018,Cat,Domestic Shorthair Mix,Gray Tabby,Unknown,2 years,http://www.petharbor.com/pet.asp?uaid=ASTN.A771569
